Título,Visualizações,Likes,Comentários,Ref,Fundos Citados
"Fundos de CRIs (KNCR11, KNIP11, KNHY11, KNSC11 e KCRE11) - Resumo Mensal ref. Julho.22",26780,247,9, Julho.22,"KNCR11,KNIP11,KNHY11,KNSC11,KCRE11"
Fundo de Infraestrutura KDIF11 - Resumo Mensal do Kinea Infra ref. Julho.22,26060,254,12, Julho.22,KDIF11
Fundo Kinea Crédito Agro - FIAGRO (KNCA11) - Resumo Mensal ref. Julho.22,38447,84,0, Julho.22,KNCA11
KNRI11 - Resumo Mensal do Kinea Renda ref. Julho.22,27318,465,19, Julho.22,KNRI11
Fundos de Ações Kinea - Resumo Mensal ref. Julho.22,23433,25,0, Julho.22,
KFOF11 - Resumo Mensal do Kinea FOF FII ref. Julho.22,562,74,1, Julho.22,KFOF11
Fundos Renda Fixa Kinea - Resumo Mensal ref. Julho.22,15740,45,1, Julho.22,
Crédito Privado Kinea - Resumo Mensal ref. Julho.22,18708,23,2, Julho.22,
Fundos Multimercados Kinea - Resumo Mensal ref. Julho.22,24924,75,2, Julho.22,
"Fundos de CRIs (KNCR11, KNIP11, KNHY11, KNSC11 e KCRE11) - Resumo Mensal ref. Junho.22",25745,139,0, Junho.22,"KNCR11,KNIP11,KNHY11,KNSC11,KCRE11"
KFOF11 - Resumo Mensal do Kinea FOF FII ref. Junho.22,343,48,0, Junho.22,KFOF11
Resumo Mensal dos Fundos de Desenvolvimento Imobiliário - Kinea Even II e Even Permuta - Junho.22,519,56,7,,
Fundo Kinea Crédito Agro - FIAGRO (KNCA11) - Resumo Mensal ref. Junho.22,40086,88,0, Junho.22,KNCA11
KNRI11 - Resumo Mensal do Kinea Renda ref. Junho.22,29160,644,37, Junho.22,KNRI11
Fundo de Infraestrutura KDIF11 - Resumo Mensal do Kinea Infra ref. Junho.22,22260,196,5, Junho.22,KDIF11
Fundos de Ações Kinea - Resumo Mensal ref. Junho.22,18050,55,2, Junho.22,
Fundos Multimercados Kinea - Resumo Mensal ref. Junho.22,1411,141,2, Junho.22,
Fundos Renda Fixa Kinea - Resumo Mensal ref. Junho.22,25680,48,2, Junho.22,
Crédito Privado Kinea - Resumo Mensal ref. Junho.22,26331,26,0, Junho.22,
Resumo Mensal dos Fundos de Desenvolvimento Imobiliário - Kinea Even II e Even Permuta - Maio.22,383,38,2,,
KFOF11 - Resumo Mensal do Kinea FOF FII ref. Maio.22,510,67,2, Maio.22,KFOF11
Fundo Kinea Crédito Agro - FIAGRO (KNCA11) - Resumo Mensal ref. Maio.22,34883,131,4, Maio.22,KNCA11
"Fundos de CRIs (KNCR11, KNIP11, KNHY11 e KNSC11) - Resumo Mensal ref. Maio.22",26750,152,5, Maio.22,"KNCR11,KNIP11,KNHY11,KNSC11"
KNRI11 - Resumo Mensal do Kinea Renda ref. Maio.22,21679,683,58, Maio.22,KNRI11
Fundo de Infraestrutura KDIF11 - Resumo Mensal do Kinea Infra ref. Maio.22,21384,115,2, Maio.22,KDIF11
Fundos de Ações Kinea - Resumo Mensal ref. Maio.22,25273,50,1, Maio.22,
Crédito Privado Kinea - Resumo Mensal ref. Maio.22,9973,34,0, Maio.22,
Fundos Renda Fixa Kinea - Resumo Mensal ref. Maio.22,8716,34,0, Maio.22,
Fundos Multimercados Kinea - Resumo Mensal ref. Maio.22,32550,97,1, Maio.22,
KNRI11 - Resumo Mensal do Kinea Renda ref. Abril.22,51555,243,6, Abril.22,KNRI11
Fundo de Infraestrutura KDIF11 - Resumo Mensal do Kinea Infra ref. Abril.22,45472,151,6, Abril.22,KDIF11
"Fundos de CRIs (KNCR11, KNIP11, KNHY11 e KNSC11) - Resumo Mensal ref. Abril.22",46155,157,3, Abril.22,"KNCR11,KNIP11,KNHY11,KNSC11"
KFOF11 - Resumo Mensal do Kinea FOF FII ref. Abril.22,346,32,0, Abril.22,KFOF11
Fundos de Ações Kinea - Resumo Mensal ref. Abril.22,15228,16,0, Abril.22,
Fundo Kinea Crédito Agro - FIAGRO (KNCA11) - Resumo Mensal ref. Abril.22,41715,66,7, Abril.22,KNCA11
Crédito Privado Kinea - Resumo Mensal ref. Abril.22,10654,28,0, Abril.22,
Fundos Renda Fixa Kinea - Resumo Mensal ref. Abril.22,295,25,1, Abril.22,
Fundos Multimercados Kinea - Resumo Mensal ref. Abril.22,37034,90,0, Abril.22,
KNRI11 - Resumo Mensal do Kinea Renda ref. Março.22,51277,258,8, Março.22,KNRI11
Fundo Kinea Crédito Agro - FIAGRO (KNCA11) - Resumo Mensal ref. Março.22,73412,119,7, Março.22,KNCA11
Fundo de Infraestrutura KDIF11 - Resumo Mensal do Kinea Infra ref. Março.22,75359,191,4, Março.22,KDIF11
KFOF11 - Resumo Mensal do Kinea FOF FII ref. Março.22,495,48,0, Março.22,KFOF11
"Fundos de CRIs (KNCR11, KNIP11, KNHY11 e KNSC11) - Resumo Mensal ref. Março.22",38064,173,1, Março.22,"KNCR11,KNIP11,KNHY11,KNSC11"
Fundos de Ações Kinea - Resumo Mensal ref. Março.22,25992,26,1, Março.22,
Crédito Privado Kinea - Resumo Mensal ref. Março.22,23604,25,1, Março.22,
Fundos Multimercados Kinea - Resumo Mensal ref. Março.22,45139,72,1, Março.22,
Fundos Renda Fixa Kinea - Resumo Mensal ref. Março.22,39418,25,0, Março.22,
KFOF11 - Resumo Mensal do Kinea FOF FII ref. Fevereiro.22,476,41,0, Fevereiro.22,KFOF11
KNRI11 - Resumo Mensal do Kinea Renda ref. Fevereiro.22,65467,196,0, Fevereiro.22,KNRI11
Fundo de Infraestrutura KDIF11 - Resumo Mensal do Kinea Infra ref. Fevereiro.22,41098,101,0, Fevereiro.22,KDIF11
"Fundos de CRIs (KNCR11, KNIP11, KNHY11 e KNSC11) - Resumo Mensal ref. Fevereiro.22",49647,151,0, Fevereiro.22,"KNCR11,KNIP11,KNHY11,KNSC11"
Crédito Privado Kinea - Resumo Mensal ref. Fevereiro.22,46005,22,0, Fevereiro.22,
Fundos Renda Fixa Kinea - Resumo Mensal ref. Fevereiro.22,26750,23,0, Fevereiro.22,
Fundos de Ações Kinea - Resumo Mensal ref. Fevereiro.22,29128,21,0, Fevereiro.22,
Fundos Multimercados Kinea - Resumo Mensal ref. Fevereiro.22,36627,58,0, Fevereiro.22,
Fundo Kinea Crédito Agro - FIAGRO (KNCA11) - Resumo Mensal ref. Fevereiro.22,49780,73,0, Fevereiro.22,KNCA11
KFOF11 - Resumo Mensal do Kinea FOF FII ref. Janeiro.22,381,34,0, Janeiro.22,KFOF11
Fundo Kinea Crédito Agro - FIAGRO (KNCA11) - Resumo Mensal ref. Janeiro.22,58448,94,0, Janeiro.22,KNCA11
"Fundos de CRIs (KNCR11, KNIP11, KNHY11 e KNSC11) - Resumo Mensal ref. Janeiro.22",36884,129,0, Janeiro.22,"KNCR11,KNIP11,KNHY11,KNSC11"
Fundo de Infraestrutura KDIF11 - Resumo Mensal do Kinea Infra ref. Janeiro.22,55256,81,0, Janeiro.22,KDIF11
KNRI11 - Resumo Mensal do Kinea Renda ref. Janeiro.22,60099,268,0, Janeiro.22,KNRI11
Fundos de Ações Kinea - Resumo Mensal ref. Janeiro.22,36128,17,0, Janeiro.22,
Crédito Privado Kinea - Resumo Mensal ref. Janeiro.22,36829,23,0, Janeiro.22,
Fundos Renda Fixa Kinea - Resumo Mensal ref. Janeiro.22,40255,21,1, Janeiro.22,
Fundos Multimercados Kinea - Resumo Mensal ref. Janeiro.22,44793,54,0, Janeiro.22,
Resumo Mensal dos Fundos de Desenvolvimento Imobiliário - Kinea Even II e Even Permuta - Dezembro.21,392,34,0,,
KFOF11 - Resumo Mensal do Kinea FOF FII ref. Dezembro.21,439,41,0, Dezembro.21,KFOF11
"Fundos de CRIs (KNCR11, KNIP11, KNHY11 e KNSC11) - Resumo Mensal ref. Dezembro.21",41517,121,0, Dezembro.21,"KNCR11,KNIP11,KNHY11,KNSC11"
KNRI11 - Resumo Mensal do Kinea Renda ref. Dezembro.21,54282,210,0, Dezembro.21,KNRI11
Fundos de Ações Kinea - Resumo Mensal ref. Dezembro.21,37575,24,0, Dezembro.21,
KDIF11 - Resumo Mensal do Kinea Infra ref. Dezembro.21,45879,129,0, Dezembro.21,KDIF11
Crédito Privado Kinea - Resumo Mensal ref. Dezembro.21,29808,22,0, Dezembro.21,
Fundos Multimercados Kinea - Resumo Mensal ref. Dezembro.21,767,57,0, Dezembro.21,
Fundos de Ações Kinea - Resumo Mensal ref. Novembro.21,31081,30,0, Novembro.21,
KDIF11 - Resumo Mensal do Kinea Infra ref. Novembro.21,34795,104,0, Novembro.21,KDIF11
Fundos Multimercados Kinea - Resumo Mensal ref. Novembro.21,34695,66,0, Novembro.21,
KFOF11 - Resumo Mensal do Kinea FOF FII ref. Novembro.21,506,41,0, Novembro.21,KFOF11
Crédito Privado Kinea - Resumo Mensal ref. Novembro.21,31887,17,0, Novembro.21,
Fundos Renda Fixa Kinea - Resumo Mensal ref. Novembro.21,30600,20,0, Novembro.21,
Resumo Mensal dos Fundos de Desenvolvimento Imobiliário - Kinea Even II e Even Permuta - Outubro.21,381,35,1,,
KFOF11 - Resumo Mensal do Kinea FOF FII ref. Outubro.21,341,35,0, Outubro.21,KFOF11
KNRI11 - Resumo Mensal do Kinea Renda ref. Outubro.21,44176,229,0, Outubro.21,KNRI11
Fundos de Ações Kinea - Resumo Mensal ref. Outubro.21,27068,34,0, Outubro.21,
"Fundos de CRIs (KNCR11, KNIP11, KNHY11 e KNSC11) - Resumo Mensal ref. Outubro.21",29746,118,0, Outubro.21,"KNCR11,KNIP11,KNHY11,KNSC11"
Crédito Privado Kinea - Resumo Mensal ref. Outubro.21,30037,26,0, Outubro.21,
Fundos de Ações Kinea - Resumo Mensal ref. Setembro.21,31598,36,0, Setembro.21,
Fundos Multimercados Kinea - Resumo Mensal ref. Outubro.21,31576,51,0, Outubro.21,
Fundos Renda Fixa Kinea - Resumo Mensal ref. Outubro.21,26627,24,0, Outubro.21,
KDIF11 - Resumo Mensal do Kinea Infra ref. Outubro.21,32964,126,0, Outubro.21,KDIF11
KNRI11 - Resumo Mensal do Kinea Renda ref. Setembro.21,48252,204,0, Setembro.21,KNRI11
"Fundos de CRIs (KNCR11, KNIP11, KNHY11 e KNSC11) - Resumo Mensal ref. Setembro.21",31694,133,0, Setembro.21,"KNCR11,KNIP11,KNHY11,KNSC11"
KDIF11 - Resumo Mensal do Kinea Infra ref. Setembro.21,36055,73,0, Setembro.21,KDIF11
KFOF11 - Resumo Mensal do Kinea FOF FII ref. Setembro.21,431,43,0, Setembro.21,KFOF11
Fundos Multimercados Kinea - Resumo Mensal ref. Setembro.21,35937,105,0, Setembro.21,
Fundos de Ações Kinea - Resumo Mensal ref. Agosto.21,26081,39,0, Agosto.21,
"Fundos de CRIs (KNCR11, KNIP11, KNHY11 e KNSC11) - Resumo Mensal ref. Agosto.21",50645,142,0, Agosto.21,"KNCR11,KNIP11,KNHY11,KNSC11"
Fundos Renda Fixa Kinea - Resumo Mensal ref. Agosto.21,244,14,0, Agosto.21,
Prev Crédito Privado Kinea - Resumo Mensal ref. Agosto.21,47162,15,0, Agosto.21,
Kinea Oportunidade - Resumo Mensal ref. Agosto.21,174,9,0, Agosto.21,
Kinea Oportunidade - Resumo Mensal ref. Agosto.21,174,9,0, Agosto.21,
KDIF11 - Resumo Mensal do Kinea Infra ref. Agosto.21,34023,94,0, Agosto.21,KDIF11
KFOF11 - Resumo Mensal do Kinea FOF FII ref. Agosto.21,410,35,0, Agosto.21,KFOF11
KFOF11 - Resumo Mensal do Kinea FOF FII ref. Agosto.21,410,35,0, Agosto.21,KFOF11
KNRI11 - Resumo Mensal do Kinea Renda ref. Agosto.21,73421,254,0, Agosto.21,KNRI11
Fundos Multimercados Kinea - Resumo Mensal ref. Agosto.21,42592,40,0, Agosto.21,
Crédito Privado Kinea - Resumo Mensal ref. Setembro.21,24189,32,0, Setembro.21,
Fundos Renda Fixa Kinea - Resumo Mensal ref. Setembro.21,37762,29,0, Setembro.21,
Fundos Renda Fixa Kinea - Resumo Mensal ref. Julho.21,265,17,0, Julho.21,
Fundos Multimercados Kinea - Resumo Mensal ref. Julho.21,43154,23,0, Julho.21,
Prev Crédito Privado Kinea - Resumo Mensal ref. Julho.21,42898,18,0, Julho.21,
Kinea Oportunidade - Resumo Mensal ref. Julho.21,209,16,0, Julho.21,
KFOF11 - Resumo Mensal do Kinea FOF FII ref. Julho.21,323,24,0, Julho.21,KFOF11
Resumo Mensal dos Fundos de Desenvolvimento Imobiliário - Kinea Even II e Even Permuta ref. Julho.21,337,21,0, Julho.21,
Fundos de Ações Kinea - Resumo Mensal ref. Julho.21,46506,23,0, Julho.21,
KNRI11 - Resumo Mensal do Kinea Renda ref. Julho.21,43004,185,0, Julho.21,KNRI11
Prev Crédito Privado Kinea - Resumo Mensal ref. Junho.21,33341,11,0, Junho.21,
Fundos Renda Fixa Kinea - Resumo Mensal ref. Junho.21,43890,33,0, Junho.21,
Fundos Multimercados Kinea - Resumo Mensal ref. Junho.21,64186,46,0, Junho.21,
KFOF11 - Resumo Mensal do Kinea FOF FII ref. Junho.21,315,26,0, Junho.21,KFOF11
KNRI11 - Resumo Mensal do Kinea Renda ref. Junho.21,1398,186,0, Junho.21,KNRI11
KDIF11 - Resumo Mensal do Kinea Infra ref. Junho.21,862,57,0, Junho.21,KDIF11
"Fundos de CRIs (KNCR11, KNIP11, KNHY11 e KNSC11) - Resumo Mensal ref. Junho.21",1092,117,0, Junho.21,"KNCR11,KNIP11,KNHY11,KNSC11"
Fundos de Ações Kinea - Resumo Mensal ref. Junho 21,23288,27,0, Junho 21,
Fundos Renda Fixa Kinea - Resumo Mensal ref. Fev.21,173,13,0, Fev.21,
KNRI11 - Resumo Mensal do Kinea Renda ref. Fevereiro 21,1340,197,0, Fevereiro 21,KNRI11
KEVE11 - Resumo Mensal do Kinea Even II ref. Fevereiro 21,209,8,0, Fevereiro 21,KEVE11
KEVE11 - Resumo Mensal do Kinea Even II ref. Fevereiro 21,209,8,0, Fevereiro 21,KEVE11
KFOF11 - Resumo Mensal do Kinea FOF FII ref. Fevereiro 21,297,21,0, Fevereiro 21,KFOF11
Fundos de Ações Kinea - Resumo Mensal ref. Fevereiro 21,249,18,0, Fevereiro 21,
Fundos de Ações Kinea - Resumo Mensal ref. Fevereiro 21,249,18,0, Fevereiro 21,
Fundos Multimercados Kinea - Resumo Mensal ref. Fev.21,435,23,0, Fev.21,
KDIF11 - Resumo Mensal do Kinea Infra ref. Fevereiro 21,534,56,0, Fevereiro 21,KDIF11
Kinea Oportunidade - Resumo Mensal ref. Fevereiro 21,155,10,0, Fevereiro 21,
Prev Crédito Privado Kinea - Resumo Mensal ref. Fev.21,102,13,0, Fev.21,
"Fundos de CRIs (KNCR11, KNIP11, KNHY11 e KNSC11) - Resumo Mensal ref. Fevereiro 21",1029,105,0, Fevereiro 21,"KNCR11,KNIP11,KNHY11,KNSC11"
KINP11 - Resumo Mensal do Kinea Even Permuta ref. Fevereiro 21,690,36,0, Fevereiro 21,KINP11
Kinea Oportunidade - Resumo Mensal ref. Mar.21,170,13,0, Mar.21,
LIVE - Fundos Multimercados Kinea ref. Março 21,281,15,0, Março 21,
KDIF11 - Resumo Mensal do Kinea Infra ref. Mar.21,481,44,0, Mar.21,KDIF11
Fundos de Ações Kinea - Resumo Mensal ref. Mar.21,269,14,0, Mar.21,
"Fundos de CRIs (KNCR11, KNIP11, KNHY11 e KNSC11) - Resumo Mensal ref. Mar.21",863,88,0, Mar.21,"KNCR11,KNIP11,KNHY11,KNSC11"
KFOF11 - Resumo Mensal do Kinea FOF FII ref. Mar.21,224,27,0, Mar.21,KFOF11
KNRI11 - Resumo Mensal do Kinea Renda ref. Mar.21,1434,207,0, Mar.21,KNRI11
KNRI11 - Resumo Mensal do Kinea Renda ref. Mar.21,1434,207,0, Mar.21,KNRI11
Prev Crédito Privado Kinea - Resumo Mensal ref. Mar.21,131,10,0, Mar.21,
Fundos Renda Fixa Kinea - Resumo Mensal ref. Mar.21,213,9,0, Mar.21,
Fundos Multimercados Kinea - Resumo Mensal ref. Mar.21,251,11,0, Mar.21,
Resumo Mensal dos Fundos de Desenvolvimento Imobiliário - Kinea Even II e Even Permuta ref. Abr.21,370,17,0, Abr.21,
Kinea Oportunidade - Resumo Mensal ref. Abr.21,161,11,0, Abr.21,
KFOF11 - Resumo Mensal do Kinea FOF FII ref. Abr.21,359,39,0, Abr.21,KFOF11
Fundos de Ações Kinea - Resumo Mensal ref. Abr.21,298,32,0, Abr.21,
KDIF11 - Resumo Mensal do Kinea Infra ref. Abr.21,1222,76,0, Abr.21,KDIF11
Fundos Renda Fixa Kinea - Resumo Mensal ref. Abr.21,193,10,0, Abr.21,
Prev Crédito Privado Kinea - Resumo Mensal ref. Abr.21,108,9,0, Abr.21,
Fundos Multimercados Kinea - Resumo Mensal ref. Abr.21,315,35,0, Abr.21,
KNRI11 - Resumo Mensal do Kinea Renda ref. Abr.21,1801,210,0, Abr.21,KNRI11
"Fundos de CRIs (KNCR11, KNIP11, KNHY11 e KNSC11) - Resumo Mensal ref. Abr.21",1356,97,0, Abr.21,"KNCR11,KNIP11,KNHY11,KNSC11"
Fundos Multimercados Kinea - Resumo Mensal ref. Maio.21,484,32,0, Maio.21,
KFOF11 - Resumo Mensal do Kinea FOF FII ref. Maio.21,480,65,0, Maio.21,KFOF11
Prev Crédito Privado Kinea - Resumo Mensal ref. Maio 21,121,6,0, Maio 21,
Kinea Oportunidade - Resumo Mensal ref. Maio.21,191,19,0, Maio.21,
Fundos Renda Fixa Kinea - Resumo Mensal ref. Maio.21,301,24,0, Maio.21,
"Fundos de CRIs (KNCR11, KNIP11, KNHY11 e KNSC11) - Resumo Mensal ref. Mai.21",1439,146,0, Mai.21,"KNCR11,KNIP11,KNHY11,KNSC11"
Fundos de Ações Kinea - Resumo Mensal ref. Maio 21,247,24,0, Maio 21,
KNRI11 - Resumo Mensal do Kinea Renda ref. Mai.21,4258,571,0, Mai.21,KNRI11
Fundos Multimercados Kinea - Resumo Mensal ref. Jan.21,530,43,0, Jan.21,
Fundos Renda Fixa Kinea - Resumo Mensal ref. Jan.21,132,10,0, Jan.21,
Prev Crédito Privado Kinea - Resumo Mensal ref. Jan.21,75,9,0, Jan.21,
KDIF11 - Resumo Mensal do Kinea Infra ref. Jan.21,403,33,0, Jan.21,KDIF11
KFOF11 - Resumo Mensal do Kinea FOF FII ref. Jan.21,175,20,0, Jan.21,KFOF11
Fundos de Ações Kinea - Resumo Mensal ref. Jan.21,214,23,0, Jan.21,
KNRI11 - Resumo Mensal do Kinea Renda ref. Jan.21,779,145,0, Jan.21,KNRI11
"Fundos de CRIs (KNCR11, KNIP11, KNHY11 e KNSC11) - Resumo Mensal ref. Jan.21",930,90,0, Jan.21,"KNCR11,KNIP11,KNHY11,KNSC11"
KEVE11 - Resumo Mensal do Kinea Even II ref. Jan.21,148,16,0, Jan.21,KEVE11
KINP11 - Resumo Mensal do Kinea Even Permuta ref. Jan.21,313,26,0, Jan.21,KINP11
KNSC11 - Atualização Inicial do Kinea Securities ref.Dez/20,587,63,0,Dez/20,KNSC11
Fundos de Ações Kinea - Resumo Mensal ref. Dez.20,229,28,0, Dez.20,
Fundos Multimercados Kinea - Resumo Mensal ref. Dez.20,370,32,0, Dez.20,
Prev Crédito Privado Kinea - Resumo Mensal ref. Dez.20,150,18,0, Dez.20,
Fundos Renda Fixa Kinea - Resumo Mensal ref. Dez.20,143,10,0, Dez.20,
KNHY11 - Resumo mensal do Kinea High Yield ref. Dez.20,395,34,0, Dez.20,KNHY11
KNCR11 - Resumo mensal do Kinea Rendimentos ref. Dez.20,550,66,0, Dez.20,KNCR11
KDIF11 - Resumo Mensal do Kinea Infra ref. Dez.20,337,27,0, Dez.20,KDIF11
KNIP11 - Resumo mensal do Kinea Índices de Preços ref. Dez.20,1015,91,0, Dez.20,KNIP11
KNRI11 - Resumo Mensal do Kinea Renda ref. Dez.20,809,160,0, Dez.20,KNRI11
KEVE11 - Resumo Mensal do Kinea Even II ref. Nov.20,110,11,0, Nov.20,KEVE11
KINP11 - Resumo Mensal do Kinea Even Permuta ref. Dez.20,292,23,0, Dez.20,KINP11
KFOF11 - Resumo Mensal do Kinea FOF FII ref. Dez.20,209,26,0, Dez.20,KFOF11
KINP11 - Resumo Mensal do Kinea Even Permuta ref. Nov.20,152,12,0, Nov.20,KINP11
Prev Crédito Privado Kinea - Resumo Mensal ref. Nov.20,154,9,0, Nov.20,
Fundos Renda Fixa Kinea - Resumo Mensal ref. Nov.20,146,11,0, Nov.20,
Fundos Multimercados Kinea - Resumo Mensal ref. Nov.20,394,42,0, Nov.20,
Fundos de Ações Kinea - Resumo Mensal ref. Nov.20,168,17,0, Nov.20,
KNSC11 - Atualização Inicial do Kinea Securities Nov/20,373,35,0,,KNSC11
KFOF11 - Resumo Mensal do Kinea FOF FII ref. Nov.20,222,20,0, Nov.20,KFOF11
KDIF11 - Resumo Mensal do Kinea Infra ref. Nov.20,369,23,0, Nov.20,KDIF11
KNRI11 - Resumo Mensal do Kinea Renda ref. Nov.20,1198,170,0, Nov.20,KNRI11
KNCR11 - Resumo mensal do Kinea Rendimentos ref. Nov.20,618,68,0, Nov.20,KNCR11
KEVE11 - Resumo Mensal do Kinea Even II ref. Nov.20,119,13,0, Nov.20,KEVE11
KNHY11 - Resumo mensal do Kinea High Yield ref. Nov.20,207,18,0, Nov.20,KNHY11
KNIP11 - Resumo mensal do Kinea Índices de Preços ref. Nov.20,752,75,0, Nov.20,KNIP11
KNCR11 - Resumo mensal do Kinea Rendimentos ref. Out.20,344,35,0, Out.20,KNCR11
Fundos Renda Fixa Kinea - Resumo Mensal ref. Out.20,182,15,0, Out.20,
Prev Crédito Privado Kinea - Resumo Mensal ref. Out.20,127,14,0, Out.20,
Fundos de Ações Kinea - Resumo Mensal ref. Out.20,186,12,0, Out.20,
Fundos Multimercados Kinea - Resumo Mensal ref. Out.20,182,10,0, Out.20,
KNRI11 - Resumo Mensal do Kinea Renda ref. Out.20,1188,178,0, Out.20,KNRI11
KNIP11 - Resumo mensal do Kinea Índices de Preços ref. Out.20,621,60,0, Out.20,KNIP11
KDIF11 - Resumo Mensal do Kinea Infra ref. Out.20,654,52,0, Out.20,KDIF11
KNHY11 - Resumo mensal do Kinea High Yield ref. Out.20,193,22,0, Out.20,KNHY11
KEVE11 - Resumo Mensal do Kinea Even II ref. Out.20,144,12,0, Out.20,KEVE11
KINP11 - Resumo Mensal do Kinea Even Permuta ref. Out.20,188,18,0, Out.20,KINP11
KNSC11 - Atualização Inicial do Kinea Securities Nov/20,390,37,0,,KNSC11
KNRI11 - Resumo Mensal do Kinea Renda ref. Set.20,1052,142,0, Set.20,KNRI11
Fundos Multimercados Kinea - Resumo Mensal ref. Set.20,477,44,0, Set.20,
Fundos Renda Fixa Kinea - Resumo Mensal ref. Set.20,179,23,0, Set.20,
Prev Crédito Privado Kinea - Resumo Mensal ref. Set.20,127,11,0, Set.20,
Fundos de Ações Kinea - Resumo Mensal ref. Set.20,176,25,0, Set.20,
KFOF11 - Resumo Mensal do Kinea FOF FII ref. Set.20,211,24,0, Set.20,KFOF11
KNHY11 - Resumo mensal do Kinea High Yield ref.Set.20,165,15,0,Set.20,KNHY11
KNCR11 - Resumo mensal do Kinea Rendimentos ref.Set.20,281,29,0,Set.20,KNCR11
KINP11 - Resumo Mensal do Kinea Even Permuta ref. Set.20,182,22,0, Set.20,KINP11
KNIP11 - Resumo mensal do Kinea Índices de Preços ref.Set.20,397,45,0,Set.20,KNIP11
KDIF11 - Resumo Mensal do Kinea Infra ref. Set.20,270,21,0, Set.20,KDIF11
Fundos Multimercados Kinea - Resumo Mensal ref. Ago.20,664,42,0, Ago.20,
Fundos Renda Fixa Kinea - Resumo Mensal ref. Ago.20,165,15,0, Ago.20,
KNRI11 - Resumo Mensal do Kinea Renda ref. Ago.20,909,119,0, Ago.20,KNRI11
KFOF11 - Resumo Mensal do Kinea FOF FII ref. Ago.20,233,25,0, Ago.20,KFOF11
Fundos de Ações Kinea - Resumo Mensal ref. Ago.20,216,33,0, Ago.20,
KDIF11 - Resumo Mensal do Kinea Infra ref. Ago.20,468,48,0, Ago.20,KDIF11
KNCR11 - Resumo mensal do Kinea Rendimentos ref.Ago.20,407,28,0,Ago.20,KNCR11
KNHY11 - Resumo mensal do Kinea High Yield ref.Ago.20,153,18,0,Ago.20,KNHY11
KNIP11 - Resumo mensal do Kinea Índices de Preços ref.Ago.20,628,52,0,Ago.20,KNIP11
KINP11 - Resumo Mensal do Kinea Even Permuta ref. Ago.20,275,18,0, Ago.20,KINP11
Prev Crédito Privado Kinea - Resumo Mensal ref. Ago.20,80,5,0, Ago.20,
Prev Crédito Privado Kinea - Resumo Mensal ref. Jul.20,111,16,0, Jul.20,
Fundos de Ações Kinea - Resumo Mensal ref. Jul.20,234,23,0, Jul.20,
KNRI11 - Resumo Mensal do Kinea Renda ref. Jul.20,1249,156,0, Jul.20,KNRI11
Fundos Renda Fixa Kinea - Resumo Mensal ref. Jul.20,75,3,0, Jul.20,
KDIF11 - Resumo Mensal do Kinea Infra ref. Jul.20,310,25,0, Jul.20,KDIF11
KNIP11 - Resumo mensal do Kinea Índices de Preços ref.Jul.20,404,39,0,Jul.20,KNIP11
KNCR11 - Resumo mensal do Kinea Rendimentos ref.Jul.20,443,42,0,Jul.20,KNCR11
KNHY11 - Resumo mensal do Kinea High Yield ref.Jul.20,156,8,0,Jul.20,KNHY11
KFOF11 - Resumo Mensal do Kinea FOF FII ref. Jul.20,283,33,0, Jul.20,KFOF11
Live Fundos Multimercados Kinea - Atualização ref. Jul/20,270,23,0, Jul/20,
Fundos Multimercados Kinea - Resumo Mensal ref. Jul.20,663,54,0, Jul.20,
Live Fundos Multimercados Kinea - Atualização ref. Jun.2020,453,32,0, Jun.2020,
Prev Crédito Privado Kinea - Resumo Mensal ref. Jun.20,113,6,0, Jun.20,
Fundos de Ações Kinea - Resumo Mensal ref. Jun.20,168,11,0, Jun.20,
Fundos Renda Fixa Kinea - Resumo Mensal ref. Jun.20,147,10,0, Jun.20,
Fundos Multimercados Kinea - Resumo Mensal ref. Jun.20,739,41,0, Jun.20,
KFOF11 - Resumo Mensal do Kinea FOF FII ref. Jun.20,413,30,0, Jun.20,KFOF11
"KNCR11, KNIP11 e KNHY11 - Resumo mensal dos Fundos de CRI da Kine ref.Jun.20",984,75,0,Jun.20,"KNCR11,KNIP11,KNHY11"
KNRI11 - Resumo Mensal do Kinea Renda ref. Jun.20,1904,196,0, Jun.20,KNRI11
KDIF11 - Resumo Mensal do Kinea Infra ref. Jun.20,228,19,0, Jun.20,KDIF11
"KNCR11, KNIP11 e KNHY11 - Resumo mensal dos Fundos de CRI da Kine ref.Mai.20",749,54,0,Mai.20,"KNCR11,KNIP11,KNHY11"
KDIF11 - Resumo Mensal do Kinea Infra ref. Mai.20,273,16,0, Mai.20,KDIF11
KNRI11 - Resumo Mensal do Kinea Renda ref. Mai.20,873,113,0, Mai.20,KNRI11
KFOF11 - Resumo Mensal do Kinea FOF FII ref. Mai.20,326,18,0, Mai.20,KFOF11
Prev Crédito Privado Kinea - Resumo Mensal ref. Mai.20,185,7,0, Mai.20,
Fundos de Ações Kinea - Resumo Mensal ref. Mai.20,192,17,0, Mai.20,
Fundos Renda Fixa Kinea - Resumo Mensal ref. Mai.20,203,10,0, Mai.20,
Fundos Multimercados Kinea - Resumo Mensal ref. Mai.20,436,36,0, Mai.20,
KNHY11 - Resumo Mensal do Kinea High Yield ref. Abr.20,311,30,0, Abr.20,KNHY11
KNIP11 - Resumo Mensal do Kinea Índices de Preços ref. Abr.20,362,19,0, Abr.20,KNIP11
KNCR11 - Resumo Mensal do Kinea Rendimentos ref. Abr.20,503,36,0, Abr.20,KNCR11
KDIF11 - Resumo Mensal do Kinea Infra ref. Abr.20,343,15,0, Abr.20,KDIF11
KFOF11 - Resumo Mensal do Kinea FOF FII ref. Abr.20,217,16,0, Abr.20,KFOF11
KNRI11 - Resumo Mensal do Kinea Renda ref. Abr.20,843,96,0, Abr.20,KNRI11
Prev Crédito Privado Kinea - Resumo Mensal ref. Abr.20,93,5,0, Abr.20,
Fundos Líquidos da Kinea - Resumo Mensal ref. Abr.20,331,19,0, Abr.20,
Renda Fixa Absoluto - Resumo Mensal ref. Abr.20,200,7,0, Abr.20,
Fundos de Ações Kinea - Resumo Mensal ref. Abr.20,140,15,0, Abr.20,
KFOF11 - Resumo Mensal do Kinea FOF FII ref. Mar.20,367,28,0, Mar.20,KFOF11
Fundos de Ações Kinea - Resumo Mensal ref. Mar.20,246,53,0, Mar.20,
KNHY11 - Resumo Mensal do Kinea High Yield ref. Mar.20,172,10,0, Mar.20,KNHY11
KNCR11 - Resumo Mensal do Kinea Rendimentos ref. Mar.20,219,16,0, Mar.20,KNCR11
KNIP11 - Resumo Mensal do Kinea Índices de Preços ref. Mar.20,220,13,0, Mar.20,KNIP11
KDIF11 - Resumo Mensal do Kinea Infra ref. Mar.20,243,16,0, Mar.20,KDIF11
KNRI11 - Resumo Mensal do Kinea Renda ref. Mar.20,971,109,0, Mar.20,KNRI11
Prev Crédito Privado Kinea - Ref. Mar20,149,9,0, Mar20,
Fundos Multimercados e de Renda Fixa Kinea - Ref. Mar20,701,23,0, Mar20,
Renda Fixa Absoluto Kinea - Resumo Mensal Ref. Mar20,452,14,0, Mar20,
Fundos Multimercados e de Renda Fixa Kinea - Comentário Extraordinário,1999,66,0,,
KNIP11 - Resumo Extraordinário Índices de Preços,484,19,0,,KNIP11
KNCR11 - Resumo Extraordinário Rendimentos,742,24,0,,KNCR11
KNHY11 - Resumo Extraordinário High Yield,393,24,0,,KNHY11
KFOF11 - Resumo Extraordinário Kinea FOF FII,398,19,0,,KFOF11
KDIF11 - Resumo Extraordinário Kinea Infra,1222,53,0,,KDIF11
Fundos de Ações Kinea - Resumo Mensal ref. Fev.20,255,17,0, Fev.20,
KNRI11 - Resumo Mensal do Kinea Renda ref. Jan.20,481,44,0, Jan.20,KNRI11
Prev RF Kinea - Resumo Mensal ref. Jan20,113,3,0, Jan20,
Fundos de Ações Kinea - Resumo Mensal Ref. Jan.20,230,4,0, Jan.20,
Renda Fixa Absoluto Kinea - Resumo Mensal ref. Jan20,262,3,0, Jan20,
